

[
    {
        "month":"jan",
        "data":{ "1": "Сайхан амарна"}
    },
    {
        "month":"feb",
        "data": {"1": "Сагсны тэмцээнтэй", "3": "Шагнал гардуулна даа","17": "Жавхлан багшийн лаб 2-ыг хийнэ"}
    },
    {
        "month":"mar",
        "data": { "2": "Энэ лабынхаа хугацааг сунгах уу яах вэ гэдэгээ шийднэ","6": "Энд юу бичье дээ байз", "8": "Эмэгтэйчүүддээ баяр хүргэнэ дээ"}
    },
    {
        "month":"apr",
        "data": {"1": "Бүгдээрээ худлаа ярьцаагаагаарай"}
    },
    {
        "month":"may",
        "data":{"10": "Энэ сард ч ёстой юу ч болдоггүй сар даа"}
    },
    {
        "month":"jun",
        "data":{"6": "Жавхлан багшийн төрсөн өдөр"} 
    },
    {
        "month":"jul",
        "data": {"4": "Хичээл амарсаан ураа"}
    },
    {
        "month":"aug",
        "data" :{"1": "Хөдөө явдаг цаг даа", "25": "Хичээл сонголт эхэллээ"}
    },
    {
        "month": "sep",
        "data": {"1": "9-н сарын нэгэн боллоо ерөөсөө бидний баяр даа"} 
    },
    {
        "month": "oct",
        "data":{"13": "Сур сур бас дахин сур"}
    },
    {
        "month":"nov",
        "data": {"2": "Сурсаар л бай"}
    },
    {
        "month": "dec",
        "data": {"20": "Өвлийн семистер хаагдах нь дээ", 
                "30": "Дүн гаргаж дууслаа баярлалаа баяртай"} 
    }
]